id,nome,telefone,cep,cidade,logradouro,bairro,campus,data_nascimento,numero_casa,lider,pastor,sexo
1,Kanya,740-825-9985,50458-860,Banatsko Veliko Selo,Rutledge,Périgny,Serbia,21/09/2023,9966,Kanya Bordiss,Kanya Verni,Female
2,Even,418-182-8089,76267-151,Berezanka,Kenwood,Huixian Chengguanzhen,Ukraine,07/02/2024,2576,Even Jakeman,Even Clayworth,Male
3,Bo,852-484-9832,0068-0019,La Quiaca,Buell,Estrada,Argentina,08/12/2023,9,Bo Baggalley,Bo Milnes,Male
4,Bevan,914-263-7145,0179-0112,Pregrada,Dayton,Ramon’,Croatia,23/01/2024,91,Bevan Parkman,Bevan Bottby,Male
5,Tito,552-769-0503,65785-162,Sulyukta,Village,Saltsjöbaden,Kyrgyzstan,01/10/2023,0546,Tito Caville,Tito Kenewel,Male
6,Wilfrid,977-149-2108,24987-095,Santa Marta de Penaguião,Carberry,Wringinsari,Portugal,05/06/2023,271,Wilfrid Bompass,Wilfrid Willmore,Male
7,Bartram,460-936-6693,45865-386,Cambuga,Pierstorff,Uddevalla,Philippines,19/02/2024,096,Bartram Cook,Bartram Trotton,Male
8,Fanechka,284-901-0021,0703-6801,Layo,Summerview,Sing Buri,Peru,05/10/2023,541,Fanechka McCart,Fanechka Dorber,Female
9,Paloma,661-411-7473,49999-804,Chilly-Mazarin,Meadow Ridge,Düsseldorf,France,18/07/2023,209,Paloma Ennion,Paloma Duinkerk,Female
10,Anthia,775-906-8246,64720-128,Venustiano Carranza,Schmedeman,Ban Fang,Mexico,02/07/2023,73,Anthia Lees,Anthia Khosa,Female
11,Georgette,659-603-8053,54973-3075,Baoshan,Burrows,Oliveira de Frades,China,21/02/2024,4817,Georgette Elrick,Georgette Whaplington,Female
12,Regan,739-740-9387,50563-303,Camagüey,Norway Maple,Liulin,Cuba,21/03/2024,8755,Regan Emerine,Regan Stephens,Female
13,Marissa,236-130-7503,54868-1387,Bologna,Pepper Wood,Ukhta,Italy,18/10/2023,78,Marissa Tompkiss,Marissa Klulisek,Female
14,Bartholomeo,908-714-0446,53877-005,Boavista,Ridgeview,Loja,Portugal,14/02/2024,020,Bartholomeo Shevell,Bartholomeo Aubery,Male
15,Jobina,524-131-4140,0363-0344,Baculin,Ramsey,Ichnya,Philippines,28/08/2023,81,Jobina Bryenton,Jobina Baruch,Female
16,Itch,627-668-2548,49738-188,Hoàn Kiếm,Londonderry,Zonghan,Vietnam,29/01/2024,1026,Itch Sutherington,Itch Prest,Male
17,Prisca,313-859-0529,60905-0402,Nakhon Luang,Tomscot,Głubczyce,Thailand,20/04/2024,2648,Prisca Sixsmith,Prisca Curedell,Female
18,Burk,725-307-1832,61715-069,Mayakovski,Lakeland,Hepu,Armenia,18/04/2024,330,Burk Penniell,Burk Pechell,Male
19,Clair,927-579-0896,34690-6001,Pingyi,Buhler,Guataquí,China,18/09/2023,97,Clair Bragge,Clair Muscat,Male
20,Tommy,388-704-0002,41250-025,Woodford Hill,Northport,Starcevica,Dominica,29/06/2023,668,Tommy Drayn,Tommy Smithe,Male
21,Maurise,434-226-1792,42291-631,Vacha,Eastlawn,Qarāwul,Russia,08/08/2023,85263,Maurise Bauldry,Maurise Simcoe,Male
22,Dianna,875-697-0241,54868-5168,Seoam,Hauk,Ariquemes,Indonesia,15/07/2023,8,Dianna Sowood,Dianna Franchioni,Female
23,Brandon,970-442-3932,15054-0211,Chrást,Pierstorff,Tabanan,Czech Republic,10/04/2024,24003,Brandon Reiach,Brandon Kenwin,Male
24,Meghan,846-733-5044,33261-408,Linjiang,Karstens,Ngilengan,China,28/12/2023,6,Meghan Moir,Meghan Muge,Female
25,Katerine,339-791-7543,54569-0349,Hongguang,Novick,Boston,China,23/04/2023,6670,Katerine Scottesmoor,Katerine Clyde,Female
26,Cally,976-523-0720,0026-3787,Gunungpeundeuy,Warrior,Lorut,Indonesia,21/04/2024,6,Cally Burbudge,Cally Gutans,Female
27,Tawnya,207-358-0873,43275-170,Marseille,Warrior,Uherce Mineralne,France,17/12/2023,4345,Tawnya Timberlake,Tawnya Geill,Female
28,Luce,444-745-7702,54868-0229,Bondo,Eastwood,Haicheng,Democratic Republic of the Congo,27/08/2023,63261,Luce Cleynaert,Luce McHarry,Male
29,Gladys,512-294-8961,60505-2529,Jiekou,Dottie,Bailadores,China,28/03/2024,188,Gladys Burnes,Gladys Toynbee,Female
30,Jourdain,230-668-8913,65862-552,Ubiaja,Shasta,Sincé,Nigeria,26/09/2023,0,Jourdain Crasswell,Jourdain Darton,Male
31,Taylor,862-856-1175,0338-1049,Nedakonice,Arizona,Baruunturuun,Czech Republic,17/04/2024,972,Taylor Paz,Taylor Skirlin,Male
32,Swen,379-222-5491,0904-6295,Prozor,Homewood,Osinniki,Bosnia and Herzegovina,30/09/2023,99,Swen Allcroft,Swen Dockrey,Male
33,Fidelity,266-985-9776,64613-5800,Zyryanovsk,Delaware,Lingdangge,Kazakhstan,14/12/2023,36,Fidelity Rozycki,Fidelity O'Corrane,Female
34,Avivah,163-202-0374,43689-0004,Doloplazy,Saint Paul,Xijiao,Czech Republic,21/10/2023,92,Avivah Duffell,Avivah Late,Female
35,Basilio,156-936-7784,0615-6563,Pasto,Oriole,Łużna,Colombia,26/03/2024,90,Basilio Ferencz,Basilio Gowan,Male
36,Prescott,821-918-2147,0603-5090,Banjar Ambengan,Blackbird,Sapucaia,Indonesia,17/09/2023,3128,Prescott Dureden,Prescott Eathorne,Male
37,Anna-maria,622-416-2067,60512-0016,"Palmas De Gran Canaria, Las",Nancy,Chroustovice,Spain,29/06/2023,567,Anna-maria Haggerstone,Anna-maria Willbourne,Female
38,Maddie,593-485-9925,49643-108,Orléans,Derek,Las Vegas,France,30/11/2023,2108,Maddie Alexis,Maddie Corkitt,Male
39,Osbourne,953-369-4567,11701-045,Capitán Sarmiento,Vera,Mizoch,Argentina,07/04/2024,4782,Osbourne Davydkov,Osbourne Finlayson,Male
40,De,890-719-1827,61727-335,Ugac Sur,Fieldstone,Nizhnepavlovka,Philippines,27/06/2023,93,De Fawltey,De Hoxey,Female
41,Garnette,571-241-4134,51079-949,Richmond,Continental,Porto Calvo,United States,25/07/2023,432,Garnette Dover,Garnette Dunsmore,Female
42,Devy,685-897-4285,49527-571,Longra,Grayhawk,Pontian,Portugal,15/12/2023,597,Devy Rizzillo,Devy Itzkov,Male
43,Trevar,692-402-7851,10812-840,Santiago De Compostela,Eggendart,Bošovice,Spain,03/11/2023,640,Trevar Lees,Trevar Dowears,Male
44,Monique,298-467-0429,10544-214,Sydney,Nancy,Cashel,Australia,06/01/2024,093,Monique Gouda,Monique Haslegrave,Female
45,Brander,525-339-8596,0268-1460,Kuala Pilah,Carey,Jundiaí,Malaysia,31/12/2023,3,Brander Kollas,Brander Witchell,Male
46,Perry,124-921-3531,49999-338,Longlisuo,Porter,Souto,China,17/05/2023,85,Perry Stuchbery,Perry Bovingdon,Female
47,Lionello,250-941-0780,50268-691,Kiamba,Valley Edge,Yosowilangun,Philippines,07/06/2023,60,Lionello Dureden,Lionello Dunster,Male
48,Sunshine,742-361-3118,10742-8379,Helsingborg,Maryland,Otse,Sweden,12/04/2024,52987,Sunshine Clemanceau,Sunshine Bever,Female
49,Brocky,463-874-5690,10191-1253,Mogi Guaçu,Delladonna,Jiahe,Brazil,28/11/2023,20973,Brocky Gossage,Brocky Satteford,Male
50,Kermit,847-609-7451,63868-157,Ilesa,Spenser,Pingyao,Nigeria,16/03/2024,16,Kermit Rozzier,Kermit Stife,Male
51,Alie,797-106-9654,68084-734,Hendala,Mallory,Azacualpa,Sri Lanka,16/07/2023,5996,Alie Pendergast,Alie Bambrough,Female
52,Shawn,656-932-5764,14783-240,Ḑawrān ad Daydah,Dryden,Panineungan,Yemen,30/09/2023,982,Shawn Worlidge,Shawn Milkins,Male
53,Gaylene,184-891-3519,49230-188,Nova Iguaçu,Gateway,Choya,Brazil,29/03/2024,03217,Gaylene MacGahy,Gaylene Wasmuth,Female
54,Bethina,188-670-6725,55806-020,Shiroi,Larry,Roshal’,Japan,15/03/2024,91156,Bethina Haggidon,Bethina Wiltshear,Female
55,Querida,515-154-1121,68788-9492,Regimin,Talisman,Giesteira,Poland,22/07/2023,9783,Querida Soldan,Querida Thewles,Female
56,Kimmie,753-934-3459,37808-186,Yaroslavskiy,Stang,Partido,Russia,08/09/2023,8247,Kimmie Jones,Kimmie Kleine,Female
57,Verney,187-109-2091,63148-240,Phúc Yên,Cardinal,Ketang,Vietnam,24/08/2023,643,Verney Lorkin,Verney Hebborn,Male
58,Toddie,390-298-5226,55253-075,Bridgewater,Milwaukee,San Diego,Canada,27/04/2023,41788,Toddie Botterell,Toddie Cossom,Male
59,Shelley,271-577-2895,68151-3977,Tojeira,Pepper Wood,Monção,Portugal,13/01/2024,2,Shelley Kells,Shelley Peres,Female
60,Rudyard,522-994-8856,49349-739,Brangsi,Heath,Kangar,Indonesia,24/06/2023,54,Rudyard Neat,Rudyard Maden,Male
61,Dario,455-739-2763,53807-408,København,Talisman,Kedungsumurkrajan,Denmark,06/11/2023,4,Dario Hapke,Dario Penddreth,Male
62,Corey,590-661-9867,64720-141,Al Maḩjal,Wayridge,Dolní Kounice,Yemen,13/01/2024,90252,Corey Utley,Corey Ply,Female
63,Carmine,740-939-4982,0187-5466,Columbus,Algoma,Riangbao,United States,26/11/2023,11,Carmine Errol,Carmine Bridat,Female
64,Astra,837-182-7093,64370-375,Almelo,Dryden,Gorzyce,Netherlands,03/12/2023,662,Astra Triplow,Astra Pitblado,Female
65,Angelita,677-839-6125,49781-092,les Escaldes,Loeprich,Oravais,Andorra,19/07/2023,8,Angelita Fassman,Angelita Noteyoung,Female
66,Gerty,227-616-9340,64159-7047,Ciakar,Doe Crossing,Torslanda,Indonesia,15/03/2024,3,Gerty Stepto,Gerty Kerner,Female
67,Marrilee,284-577-7900,0603-4991,Odemira,Mockingbird,Wangping,Portugal,28/07/2023,348,Marrilee Worden,Marrilee Tilio,Female
68,Kermit,339-357-7626,43269-677,Tumauini,Caliangt,Ettelbruck,Philippines,30/10/2023,381,Kermit Kohnen,Kermit Delatour,Male
69,Ashton,855-209-0329,43269-650,La Paz,Carioca,Zebrzydowice,Uruguay,19/11/2023,97,Ashton Scoffham,Ashton Azemar,Male
70,Etty,812-459-0843,49631-182,Whitegate,Loftsgordon,Laguilayan,Ireland,13/04/2024,76,Etty Beadman,Etty Pletts,Female
71,Neysa,694-199-9747,59746-244,Belo sur Tsiribihina,Lakewood,Dalsjöfors,Madagascar,14/09/2023,4,Neysa Glentz,Neysa Lusher,Female
72,Clim,748-667-6908,43406-0010,Hoeryŏng,Mccormick,Skhirat,North Korea,10/12/2023,12,Clim Robeiro,Clim Pridden,Male
73,Jeremy,548-619-1840,53113-657,Vale Boeiro,Red Cloud,Shalang,Portugal,05/11/2023,7553,Jeremy Chasney,Jeremy Abramamov,Male
74,Gualterio,561-573-5920,55154-7706,Machachi,Goodland,Tiyuguan,Ecuador,06/10/2023,183,Gualterio Snelgrove,Gualterio Cowern,Male
75,Otho,221-877-9312,60512-6454,Canillo,Hanover,San Andres,Andorra,13/06/2023,41199,Otho Plumtree,Otho Leroux,Male
76,Vevay,754-153-7317,50742-207,Betzdorf,Sycamore,Lianshan,Luxembourg,09/10/2023,4,Vevay Cassey,Vevay Randell,Female
77,Eachelle,945-685-1536,60512-6566,Rio Preto da Eva,Ronald Regan,Valence,Brazil,11/08/2023,353,Eachelle Vest,Eachelle Ellershaw,Female
78,Lin,605-778-7961,42507-882,Stavyshche,Talisman,Guay,Ukraine,09/10/2023,5,Lin Hagerty,Lin Heber,Female
79,Wendell,122-749-8216,54365-400,Sainte-Sophie,Crowley,Banjar Dauhpura,Canada,07/05/2023,11527,Wendell Parks,Wendell Osselton,Male
80,Leela,534-580-1047,42947-611,Celendín,Talisman,Corozal,Peru,20/07/2023,6,Leela Prangley,Leela Chue,Female
81,Laina,533-501-5011,60760-037,Krajan Waturoyo,Lindbergh,Rayong,Indonesia,25/04/2023,4263,Laina Grogor,Laina Ivushkin,Female
82,Hedvig,847-430-2770,75940-122,Mpulungu,Bashford,Wuci,Zambia,16/05/2023,937,Hedvig Jumeau,Hedvig Caroli,Female
83,Cordelia,290-831-2077,63323-281,Pingfeng,Sheridan,Jingtan,China,28/03/2024,77,Cordelia Tivenan,Cordelia Quinney,Female
84,Ana,830-850-4322,16590-843,Pasarkayu,Tennessee,Silihe,Indonesia,22/11/2023,27038,Ana Golson,Ana Dhenin,Female
85,Karalynn,998-581-5541,55154-5526,Tanggulangin,Oak Valley,Kansas City,Indonesia,26/12/2023,4733,Karalynn Smewing,Karalynn Ivons,Female
86,Candi,439-571-8984,68703-081,Próchoma,Birchwood,Guangning,Greece,16/05/2023,1,Candi Luttger,Candi Spinelli,Female
87,Vallie,333-142-4343,49288-0074,Peristerá,Mayfield,Dolní Libina,Greece,19/09/2023,7194,Vallie Knudsen,Vallie Gilgryst,Female
88,Jefferey,337-465-6394,0944-2963,Kuching,Daystar,Tsibulev,Malaysia,10/02/2024,314,Jefferey Coot,Jefferey Chant,Male
89,Randell,143-167-8232,54868-0473,Laoshawan,Longview,Lisia Góra,China,23/04/2023,773,Randell Sample,Randell Simukov,Male
90,Patrizia,647-756-9682,0363-0373,Torez,Fair Oaks,Al Lagowa,Ukraine,16/09/2023,2763,Patrizia Gatherer,Patrizia Skate,Female
91,Laurent,399-231-0201,57469-050,Sabunçu,Melby,Tonj,Azerbaijan,01/03/2024,4,Laurent Ferryman,Laurent Lawrenceson,Male
92,Ninnetta,824-574-3826,66382-157,Rāwandūz,Holmberg,Bella Vista,Iraq,17/08/2023,561,Ninnetta Proffer,Ninnetta Ashbolt,Female
93,Carly,656-853-8163,52125-261,Weizhou,Crescent Oaks,Simpang,China,12/03/2024,22597,Carly Kayser,Carly Alastair,Male
94,Frederica,918-548-9742,63323-288,Nida,Annamark,Brumadinho,Lithuania,05/10/2023,2011,Frederica Quiddihy,Frederica Gerok,Female
95,Tuck,405-150-0580,13537-564,Barapas,Toban,Zhoukou,Indonesia,22/03/2024,398,Tuck Da Costa,Tuck Todhunter,Male
96,Gunner,746-804-8089,50048-015,Xinfu,Scott,Strasbourg,China,26/05/2023,30154,Gunner Czadla,Gunner Union,Male
97,Larry,475-456-1794,35356-790,Mahaddayweyne,Daystar,Loboniki,Somalia,30/03/2024,3,Larry Ivett,Larry Humphrys,Male
98,Andie,730-198-6142,58914-013,Cravinhos,Cordelia,Vogan,Brazil,22/05/2023,53853,Andie Mordan,Andie Reimer,Female
99,Roth,309-688-7486,50268-599,Calumpit,Stone Corner,Karolinka,Philippines,18/09/2023,947,Roth Wickendon,Roth Ilett,Male
100,Gerrie,651-954-7287,49288-0120,Aībak,Eliot,Wakduwa’ Barat,Afghanistan,21/02/2024,4553,Gerrie Paulisch,Gerrie Sandland,Male
101,Ettore,895-731-3199,63824-346,Kakanj,Steensland,Novovladykino,Bosnia and Herzegovina,24/12/2023,82,Ettore Youster,Ettore Ganforth,Male
102,Kat,485-314-1083,59062-1210,Tetyushi,Emmet,Sihe,Russia,19/02/2024,95728,Kat Cradoc,Kat Balmforth,Female
103,Shep,436-854-0930,0615-7624,Jiangcun,Autumn Leaf,Tianmuhu,China,23/06/2023,49574,Shep Le Brun,Shep Thursby,Male
104,Starr,592-455-3803,52686-271,Rembes,Farmco,Aţ Ţawīlah,Indonesia,26/11/2023,262,Starr Rodenhurst,Starr Lamyman,Female
105,Blinni,784-450-8862,36800-597,Dolice,Cardinal,Kuala Terengganu,Poland,11/09/2023,05,Blinni Culter,Blinni Abelson,Female
106,Beryle,675-235-3510,55316-359,Shamva,Magdeline,Yelizavetinskoye,Zimbabwe,02/12/2023,7,Beryle Mitkov,Beryle Armsby,Female
107,Bentley,762-813-3188,45802-327,Bansalan,John Wall,Hule,Philippines,02/11/2023,8,Bentley Satteford,Bentley O'Heyne,Male
108,Kylen,164-354-2547,50021-304,Xuxiake,Saint Paul,Malekān,China,03/01/2024,77,Kylen Anwyl,Kylen Merton,Female
109,Rosamond,187-305-9280,48951-2088,Horvati,Texas,Veghel,Croatia,15/07/2023,50,Rosamond Cawsby,Rosamond Weblin,Female
110,Casi,418-662-3766,42254-242,Aplahoué,Maywood,Lingcheng,Benin,23/05/2023,003,Casi Brotherhead,Casi Farnsworth,Female
111,Frans,491-521-7657,62362-184,Shijiao,Bartelt,Dolinsk,China,09/09/2023,2,Frans Pitchers,Frans Thurner,Male
112,Alejandra,302-661-8058,63629-5270,Nanxindian,Bluestem,Primošten,China,14/06/2023,457,Alejandra Farrans,Alejandra Hassey,Female
113,Hillyer,370-574-8801,63824-190,Nanganumba,Jay,Tutong,Indonesia,28/07/2023,36092,Hillyer Goor,Hillyer O' Mahony,Male
114,Clarine,844-732-2150,0378-4514,‘Amrān,Toban,Santos Evos,Yemen,10/06/2023,286,Clarine Riba,Clarine Warcup,Female
115,Brigida,112-895-2157,61601-0082,Shangmofang,Tomscot,Houyu,China,13/03/2024,92726,Brigida Key,Brigida Abrahamowitcz,Female
116,Kellsie,465-863-5617,61941-0051,Verkhnye Syn’ovydne,Lakewood Gardens,Chengdong,Ukraine,13/06/2023,24809,Kellsie Linneman,Kellsie Bordone,Female
117,Falkner,619-921-2129,61957-2103,San Diego,David,Van Nuys,United States,20/02/2024,290,Falkner Arber,Falkner Berka,Male
118,Ruthie,169-303-8115,76509-800,Toguchin,Ryan,Paccha,Russia,07/01/2024,3,Ruthie Godfrey,Ruthie McGown,Female
119,Auria,516-522-3833,64205-212,Huayllati,Myrtle,Sainte-Adèle,Peru,01/10/2023,87,Auria Bresson,Auria Adlem,Female
120,Amitie,778-902-1794,56104-527,Krapivna,Autumn Leaf,Shilong,Russia,23/04/2023,5,Amitie Corss,Amitie McNaughton,Female
121,Suzette,908-277-0365,53942-502,Az Zintān,John Wall,Pardelhas,Libya,16/07/2023,96689,Suzette Dilon,Suzette Beddie,Female
122,Lemmie,952-443-1590,52072-003,Yatsushiro,Summerview,Räpina,Japan,13/12/2023,6205,Lemmie McRinn,Lemmie Eskriett,Male
123,Godfrey,112-792-2215,16729-170,Sabinópolis,Lighthouse Bay,Jalgung,Brazil,17/12/2023,71296,Godfrey Hughman,Godfrey Streeter,Male
124,Karlik,307-737-3952,57955-5318,Airmolek,Logan,Charlotte Amalie,Indonesia,09/08/2023,7947,Karlik Beric,Karlik Velti,Male
125,Tyne,907-573-6428,23155-113,Palma De Mallorca,Hauk,Fāraskūr,Spain,10/08/2023,0369,Tyne Glazyer,Tyne McIntosh,Female
126,Payton,814-856-9031,41163-811,Jiujiang,Waywood,Gaigeturi,China,20/01/2024,4015,Payton Delooze,Payton Stickley,Male
127,Park,846-797-8697,0078-0387,Orléans,Rowland,Lages,France,27/11/2023,7,Park O'Fihily,Park Keizman,Male
128,Dennison,135-287-5582,66336-843,Calaoagan,Sycamore,Sydney,Philippines,07/09/2023,65,Dennison Anger,Dennison Germain,Male
129,Antonino,371-348-5051,0517-0771,Kangani,Roth,Baga Borihe,Comoros,07/07/2023,89,Antonino Carmo,Antonino Nowland,Male
130,Cornela,164-446-5410,36987-3190,Gubukjero Timuk,Prairieview,Dongsheng,Indonesia,04/06/2023,9117,Cornela Clutram,Cornela Tombleson,Female
131,Daloris,787-473-0059,0555-0733,Guanghou,Oak,Shangpai,China,06/10/2023,2014,Daloris Frarey,Daloris Fullard,Female
132,Forrest,608-996-0798,67510-0301,Tanda,Atwood,Linköping,Egypt,24/12/2023,520,Forrest Onyon,Forrest Suston,Male
133,Coop,355-430-8617,36987-3126,Zhutang,Corry,Anaheim,China,01/12/2023,204,Coop Bernini,Coop Hawlgarth,Male
134,Willey,948-160-5959,49288-0579,Thạnh Mỹ,Lake View,Turpay,Vietnam,05/10/2023,610,Willey Schimpke,Willey Quigley,Male
135,Hillie,139-466-2501,65044-6693,Baota,Rusk,Stockholm,China,02/03/2024,1,Hillie Gabites,Hillie Jencken,Male
136,Erv,486-388-9686,60429-537,Casais de Vera Cruz,Cherokee,Port-de-Bouc,Portugal,29/08/2023,1,Erv Furnell,Erv Wagenen,Male
137,Rosene,260-640-1483,42248-114,Bojongsari,Bashford,Xijiang,Indonesia,23/04/2023,7,Rosene Markovic,Rosene Bartaloni,Female
138,Anitra,742-469-9409,54569-0396,Stockholm,Corscot,Ndano,Sweden,24/07/2023,71006,Anitra Ludy,Anitra Twentyman,Female
139,Perri,762-645-4802,59726-023,Rędziny,Hooker,Pilcomay,Poland,21/12/2023,61488,Perri Jelphs,Perri Geikie,Female
140,Chrysa,175-452-6132,68788-9101,Jinping,Dahle,Hannover,China,17/02/2024,396,Chrysa Dolligon,Chrysa Vandrill,Female
141,Gabby,370-571-8222,54868-0767,Ketapang,Kingsford,Ainaro,Indonesia,01/02/2024,4367,Gabby Mordecai,Gabby Esome,Male
142,Rosita,750-706-4845,64376-612,Fenghuangdong,Pawling,Solntsevo,China,12/08/2023,8817,Rosita Gee,Rosita Nudd,Female
143,Aluin,199-645-0085,36987-1624,Kigali,Kipling,Daugai,Rwanda,29/09/2023,929,Aluin Entissle,Aluin Nisbith,Male
144,Hermione,646-151-7439,60681-5302,Paraty,Walton,Datong,Brazil,25/01/2024,005,Hermione Dorro,Hermione Slatten,Female
145,Lindsy,844-803-5465,52125-566,Mateur,Schiller,Louisville,Tunisia,20/02/2024,4961,Lindsy Holde,Lindsy Vellender,Female
146,Chan,268-676-2720,65923-703,Ihuari,Loeprich,Ostrožská Lhota,Peru,25/07/2023,612,Chan Heinssen,Chan Burgoine,Male
147,Dode,678-673-9965,60512-6520,Kyurdarmir,Karstens,Muqi,Azerbaijan,04/10/2023,80602,Dode Thacker,Dode Dalbey,Female
148,Fabiano,831-795-6758,49908-273,Ḩabābah,Ruskin,Karangnunggal,Yemen,27/03/2024,8,Fabiano Minguet,Fabiano Spillane,Male
149,Micki,564-286-5299,68788-9017,Yacuíba,Luster,Irapa,Bolivia,06/12/2023,22226,Micki Brockway,Micki Harrill,Female
150,Rosalinde,401-442-6270,21532-1410,Cabiguan,Shopko,Manaulanan,Philippines,24/08/2023,8,Rosalinde Rubinchik,Rosalinde Mincini,Female
151,Aeriell,577-156-7214,42291-648,Skaudvilė,Buena Vista,Huangji,Lithuania,26/11/2023,3,Aeriell Simmen,Aeriell Chace,Female
152,Alleyn,714-868-7520,53808-0436,Tasböget,Morningstar,Masjed Soleymān,Kazakhstan,29/03/2024,82126,Alleyn Leworthy,Alleyn Hubbard,Male
153,Gay,955-294-1838,43269-726,Wilamowice,Arkansas,Limbalod,Poland,28/05/2023,51784,Gay Doak,Gay Son,Female
154,Inglebert,337-283-5617,49349-777,Lafayette,Mitchell,Yihe,United States,11/06/2023,2,Inglebert Bossom,Inglebert Hixson,Male
155,Creighton,844-650-1930,55312-051,Nam Khun,Marquette,Ţahţā,Thailand,30/08/2023,9501,Creighton Rouff,Creighton Kears,Male
156,Regina,831-167-4782,0591-0824,Jinhua,Mayfield,Pagaruša,China,24/12/2023,9075,Regina Danielsen,Regina Wrotchford,Female
157,Wye,743-885-4306,51285-443,Babakan Baru,Londonderry,Wydminy,Indonesia,22/08/2023,5625,Wye Dartnell,Wye Danilovich,Male
158,Antonietta,956-266-9066,0472-0242,Sali,Orin,Cijapar,Croatia,10/03/2024,1,Antonietta Mays,Antonietta Brunt,Female
159,Arliene,276-831-6041,69097-124,Badian,Elgar,Manadhoo,Philippines,19/07/2023,7,Arliene Harriott,Arliene Fudger,Female
160,Gardiner,734-321-3073,43742-0220,Berkovitsa,Stang,Xiaqiao,Bulgaria,23/08/2023,63671,Gardiner Harrhy,Gardiner Thorrold,Male
161,Neron,888-757-1645,0591-3128,Junkou,Texas,Waru,China,05/04/2024,32,Neron Arendt,Neron Kitter,Male
162,Meir,812-817-1482,37000-715,Asikkala,Comanche,Choca do Mar,Finland,24/11/2023,63,Meir Ebbett,Meir Seeler,Male
163,Jonathan,974-192-2349,0113-0340,Haifa,Bayside,Maqiu,Israel,09/01/2024,1,Jonathan Tourot,Jonathan McGonigle,Male
164,Stan,566-409-3954,58232-0730,Bowen Island,Dunning,Zoetermeer,Canada,15/09/2023,9456,Stan Ramas,Stan Simson,Male
165,Stavros,136-218-2559,49035-854,Centurion,Leroy,San Juan,South Africa,20/03/2024,8084,Stavros Camellini,Stavros Sawell,Male
166,Harald,360-452-3633,10812-384,Guadalupe,Caliangt,Limoges,Mexico,04/01/2024,66015,Harald Bignall,Harald Cumberland,Male
167,Saleem,595-686-7734,68462-467,Mīr Bachah Kōṯ,Meadow Valley,Kaliasin,Afghanistan,13/05/2023,64268,Saleem Tisor,Saleem Fenn,Male
168,Dottie,923-610-1659,10742-1526,Mafinga,Utah,Karátoulas,Tanzania,01/11/2023,67081,Dottie Huncote,Dottie Board,Female
169,Shalom,229-771-0424,59779-560,Boende,Nobel,Chulabhorn,Democratic Republic of the Congo,07/08/2023,344,Shalom Claremont,Shalom Dobney,Male
170,Gran,795-585-0876,30142-430,Jendouba,Weeping Birch,Nizami,Tunisia,14/07/2023,94231,Gran Outhwaite,Gran Ableson,Male
171,Dorie,196-279-9593,63629-1558,Panimbang,Garrison,Taibai,Indonesia,15/09/2023,5,Dorie Riseam,Dorie Dalzell,Male
172,Jervis,583-614-3581,49643-388,Chemin Grenier,Victoria,Yijing,Mauritius,24/06/2023,9,Jervis Moloney,Jervis Sich,Male
173,Alverta,493-615-2586,16590-141,Zea,Calypso,Hullo,Venezuela,06/04/2024,34650,Alverta McBayne,Alverta Budik,Female
174,Ardene,378-504-7964,60432-092,Barreiras,Shoshone,Sintra,Brazil,26/08/2023,70557,Ardene Matchell,Ardene Kadar,Female
175,Cristiano,146-135-9952,36987-2338,Keboncau,Summer Ridge,Luodian,Indonesia,22/06/2023,29,Cristiano Killford,Cristiano Sellers,Male
176,Lea,391-639-3521,10191-1845,Nagrog,Macpherson,Macau,Indonesia,28/05/2023,9,Lea Merryman,Lea Beefon,Female
177,Mordecai,360-352-4589,48951-8226,Al Midyah,Caliangt,Changchun,Palestinian Territory,27/03/2024,855,Mordecai Rubertis,Mordecai Barthelme,Male
178,Etan,244-443-0140,55621-009,Gwangtan,Springview,Tsybli,South Korea,09/04/2024,3,Etan Nisby,Etan Kellie,Male
179,Clarisse,987-371-0044,33261-390,Guangyi,Florence,Carregueira,China,27/09/2023,8,Clarisse Enrdigo,Clarisse Danick,Female
180,Daune,791-512-5069,49230-197,Encrucijada,Little Fleur,Miribel,Cuba,21/05/2023,8532,Daune Garroway,Daune Arckoll,Female
181,Eddie,374-905-3560,0065-1795,Humaitá,Green,Pulong Sampalok,Brazil,24/05/2023,1,Eddie Swannick,Eddie Trevillion,Male
182,Rakel,726-595-9963,64725-3339,Hengqu,Declaration,Beit Jann,China,29/08/2023,20,Rakel Sloy,Rakel Eddy,Female
183,Lambert,330-379-7997,0409-7967,Zhangting,Tony,Airuk,China,13/12/2023,503,Lambert Dreossi,Lambert Eck,Male
184,Dee,480-924-3293,0054-4084,Hetang,Merrick,Carolina,China,29/10/2023,39,Dee Saunt,Dee Birks,Female
185,Laraine,512-891-0246,36987-2776,Austin,Acker,Luocun,United States,22/10/2023,311,Laraine Thal,Laraine Bleesing,Female
186,Nedda,373-316-0781,58414-3046,Cibulakan,Homewood,Solna,Indonesia,11/02/2024,3552,Nedda Hyett,Nedda Huff,Female
187,Pate,128-139-6202,62085-1001,Larangan,Hoepker,Korem,Indonesia,05/10/2023,2,Pate Broinlich,Pate Guidera,Male
188,Anita,694-104-0118,68084-304,Nunbaundelha,Talisman,Sbo’o,Indonesia,29/01/2024,6902,Anita Alliston,Anita Burkart,Female
189,Bondon,302-384-1790,49349-320,Pruchnik,Sauthoff,Gualaceo,Poland,11/08/2023,2785,Bondon Shapter,Bondon Copson,Male
190,Byrom,699-644-0173,42926-121,Strabychovo,Gale,Corbeil-Essonnes,Ukraine,12/06/2023,69,Byrom Meeson,Byrom Lusty,Male
191,Adina,419-544-4688,67172-797,Hedong,Melody,Tolú,China,31/01/2024,914,Adina Dennidge,Adina Fenning,Female
192,Jane,797-692-0644,0041-0348,Arkalyk,Bartillon,Taipei,Kazakhstan,05/03/2024,8619,Jane McGroarty,Jane Cadany,Female
193,Garrett,474-111-5443,60429-384,Curahuasi,New Castle,Durham,Peru,02/08/2023,847,Garrett Bartoloma,Garrett Storrie,Male
194,Penrod,325-789-0724,0535-0012,Isanlu Itedoijowa,Hovde,Tubualá,Nigeria,08/08/2023,65,Penrod Snaddon,Penrod Pierse,Male
195,Durand,247-268-0915,61957-1042,Challhuahuacho,Lakewood,Daleszyce,Peru,22/01/2024,83865,Durand Elleray,Durand Moth,Male
196,Zora,877-855-0544,37012-027,São José dos Campos,Pearson,Huangtan,Brazil,12/04/2024,000,Zora Oager,Zora Schieferstein,Female
197,Michaeline,912-918-3902,0268-0626,Bang Kaeo,Fieldstone,Kunheda Woerzu Manzu,Thailand,17/02/2024,66,Michaeline Keener,Michaeline Teffrey,Female
198,Ramonda,886-933-8481,59940-001,Xianghuaqiao,Kennedy,Nowy Tomyśl,China,20/06/2023,346,Ramonda Locket,Ramonda Shera,Female
199,Rex,891-879-6938,65923-557,Bailuquan,Northfield,Gaocheng,China,10/03/2024,90,Rex Brigham,Rex Brinkley,Male
200,Blanca,573-808-8724,60505-0769,Sikonge,Hoard,Dawuhan,Tanzania,27/06/2023,4,Blanca Dellar,Blanca Ramey,Female
201,Agnesse,888-637-8734,52959-260,Rentian,Knutson,Bohus,China,21/01/2024,84,Agnesse Greader,Agnesse Howbrook,Female
202,Joey,638-560-0853,0338-6308,Buenos Aires,Mesta,Socabaya,Mexico,13/08/2023,79714,Joey Rippingale,Joey Ewbach,Male
203,Odilia,638-162-1418,54868-5054,Sélibabi,Hayes,Chixi,Mauritania,15/01/2024,1058,Odilia Shera,Odilia Tilio,Female
204,Nevile,222-262-4539,58479-003,Xinbu,Kedzie,Stockholm,China,21/12/2023,02,Nevile Kennedy,Nevile Underwood,Male
205,Paloma,101-863-1819,0006-0773,Bystra,Troy,San Manuel Chaparrón,Poland,12/07/2023,85,Paloma Blacklidge,Paloma Crooke,Female
206,Edwin,881-610-6648,53208-538,Pagatin,Bay,Mengdadazhuang,Philippines,02/03/2024,995,Edwin Commings,Edwin Robecon,Male
207,Joaquin,245-917-3199,12546-107,Nishor,Blaine,Hai Riêng,Kosovo,30/01/2024,2,Joaquin Stocker,Joaquin Lavalde,Male
208,Dorolisa,164-824-7629,44087-1113,Keratéa,Farwell,Hoit Taria,Greece,24/03/2024,763,Dorolisa Kahn,Dorolisa Bleasdale,Female
209,Griffy,787-424-4621,51060-065,Tinampo,Cardinal,Wierzbica,Philippines,16/03/2024,29,Griffy Juliff,Griffy Wiz,Male
210,Bard,739-166-8821,11523-7158,Ríohacha,Dawn,Siquanpu,Colombia,30/04/2023,057,Bard Prati,Bard Week,Male
211,Minette,679-802-1064,65862-698,Shengtang,Shoshone,Storuman,China,27/05/2023,1418,Minette Zute,Minette Mackin,Female
212,Jude,175-699-4950,13845-1200,Quebracho,Katie,Independencia,Uruguay,29/05/2023,423,Jude Figgess,Jude Coogan,Male
213,Reggis,887-766-5198,21749-700,Tobias Fornier,American Ash,Malvern,Philippines,26/08/2023,3394,Reggis Conibear,Reggis Boldry,Male
214,Gardie,508-893-8568,65342-2100,Tsákoi,Waxwing,Novo Aripuanã,Greece,16/04/2024,9387,Gardie Paz,Gardie Dalgardno,Male
215,Sancho,300-695-3797,52533-214,Mosteiros,Dunning,Sumeng,Portugal,10/11/2023,988,Sancho Sterling,Sancho Cafferty,Male
216,Terrence,331-888-9470,0002-8770,Toledo,Trailsway,Datangzhuang,Spain,20/06/2023,79,Terrence Dugget,Terrence Maceur,Male
217,Georgianne,493-536-5864,10158-003,Krasnoye,Eastlawn,Si Racha,Russia,20/06/2023,530,Georgianne Hemstead,Georgianne Grisenthwaite,Female
218,Celka,180-773-3611,0378-0973,Borucin,Dayton,Ashbourne,Poland,29/04/2023,161,Celka Pelham,Celka Belverstone,Female
219,Jazmin,640-848-0440,58118-0011,Ipojuca,Darwin,Leiling,Brazil,11/01/2024,13625,Jazmin Molohan,Jazmin Deeble,Female
220,Deb,161-944-4185,68151-0692,Sadabumi,Macpherson,Lorica,Indonesia,05/04/2024,115,Deb Overil,Deb Abad,Female
221,Kerianne,842-963-4408,64778-1375,Misungwi,Chive,Kuching,Tanzania,14/05/2023,14,Kerianne Trussler,Kerianne Suthworth,Female
222,Mignonne,652-462-7917,55741-224,Bautista,Graedel,Remedios,Philippines,19/02/2024,2,Mignonne Deverale,Mignonne Burbury,Female
223,Stephanus,102-184-0294,0363-0919,Ciguna,Bultman,Ngaliyan,Indonesia,12/07/2023,0623,Stephanus Ameer-Beg,Stephanus McCaghan,Male
224,Welch,254-908-8325,49738-154,Elat,Magdeline,Cerrito,Indonesia,11/01/2024,79,Welch Managh,Welch Jagielski,Male
225,Lauritz,703-206-7516,24385-431,Reston,Fulton,Daciyao,United States,17/03/2024,88899,Lauritz Espasa,Lauritz Greenhalgh,Male
226,Cherilyn,842-126-9547,62175-897,Panaitólion,Sauthoff,Voskopojë,Greece,17/11/2023,9,Cherilyn Yankishin,Cherilyn Westfield,Female
227,Frank,835-735-0410,21695-221,Sandayong Sur,Pond,Sumberagung,Philippines,18/08/2023,22316,Frank Whitwham,Frank Sherbrooke,Female
228,Rhetta,724-410-1390,55315-466,Ayang-ni,Walton,Eskilstuna,North Korea,12/07/2023,47,Rhetta McMorland,Rhetta Schust,Female
229,Nerti,810-369-1310,67046-043,Pirg,Luster,Sembalunbumbung,Albania,20/08/2023,55,Nerti Groves,Nerti Blemings,Female
230,Leta,214-884-2724,52584-041,Jega,Evergreen,Końskowola,Nigeria,19/12/2023,8819,Leta Barense,Leta Clowser,Female
231,Adrianna,903-392-0079,63868-154,Querocotillo,Straubel,Đống Đa,Peru,01/06/2023,08,Adrianna Dottridge,Adrianna Fielding,Female
232,Chic,744-211-3499,0009-0555,Oton,Coolidge,Saint Petersburg,Philippines,23/09/2023,79506,Chic Weal,Chic Fleury,Male
233,Emmye,169-851-5090,57687-304,Baie-Saint-Paul,Glendale,Gradec,Canada,10/05/2023,99539,Emmye Brockie,Emmye Bladder,Female
234,Dixie,754-511-5854,36987-1716,Fort Lauderdale,Maple,Junyang,United States,30/04/2023,727,Dixie David,Dixie Mancktelow,Female
235,Taber,562-925-6119,53329-005,Brasília de Minas,Di Loreto,Tervel,Brazil,24/03/2024,00,Taber Eberts,Taber Dowry,Male
236,Tracie,586-388-7825,48951-1208,Baoziba,New Castle,Furongqiao,China,29/11/2023,6,Tracie Petrov,Tracie O'Cahill,Male
237,Delmor,505-893-7760,53877-006,Albuquerque,Sachtjen,Mutum,United States,12/06/2023,62754,Delmor Marion,Delmor Dorn,Male
238,Duff,161-369-9553,43742-0413,Dagou,Myrtle,Gaocun,China,04/07/2023,634,Duff Creese,Duff Millar,Male
239,Pierette,180-363-7023,63629-4037,Bailu,Banding,Rentian,China,14/06/2023,6,Pierette Dall,Pierette Janiak,Female
240,Von,319-565-2265,50970-003,Verkhniye Osel’ki,Dakota,Lushuihe,Russia,19/11/2023,93641,Von Emerine,Von Chisholm,Male
241,Grannie,491-809-9405,76237-137,Buraen,Anzinger,Zhaotong,Indonesia,03/04/2024,0399,Grannie Gristock,Grannie Cromblehome,Male
242,Thaine,463-315-3124,52768-125,Vallecillo,Hayes,Yasinya,Honduras,29/09/2023,04,Thaine Stradling,Thaine Fisk,Male
243,Kaitlyn,587-789-5004,50563-103,Kālia,Anderson,Sebegen,Bangladesh,28/08/2023,6,Kaitlyn Schulze,Kaitlyn Milburn,Female
244,Allan,958-240-3906,51727-0631,Blagaj,Carpenter,Matsena,Bosnia and Herzegovina,24/05/2023,13,Allan McDirmid,Allan Lere,Male
245,Vanna,424-438-3775,67046-119,Kiuruvesi,Burrows,Mangulewa,Finland,17/03/2024,3776,Vanna Alexsandrovich,Vanna Bilson,Female
246,Elie,756-144-2632,0363-0693,Okinawa,Milwaukee,Domont,Japan,24/09/2023,20,Elie Brittin,Elie Cornall,Female
247,Latisha,976-121-5010,52125-775,Lyon,Cherokee,Koreiz,France,13/11/2023,789,Latisha Wakeling,Latisha Taft,Female
248,Madelon,346-344-5494,0068-0597,Zürich,Grasskamp,Neyvo-Rudyanka,Switzerland,14/10/2023,233,Madelon Peery,Madelon Guiu,Female
249,Nevsa,467-298-0770,49349-330,Žatec,Sycamore,Delson,Czech Republic,29/03/2024,398,Nevsa Gomersal,Nevsa Forsey,Female
250,Caresa,395-551-8768,54641-006,Qimantage,Oriole,Kanekomachi,China,07/06/2023,2670,Caresa Strick,Caresa McIlriach,Female
251,Ringo,907-968-2868,68400-305,Lomba,Vahlen,Dokolo,Portugal,28/11/2023,704,Ringo Kubasiewicz,Ringo Trengrove,Male
252,Honoria,428-468-8381,10157-9858,Bridgewater,Shopko,Monastirákion,Canada,08/06/2023,52808,Honoria O'Hdirscoll,Honoria Perrelle,Female
253,Nicko,218-146-6052,66949-898,Mashi,Hovde,Daoqiao,Nigeria,01/04/2024,696,Nicko Rosenfeld,Nicko Bartosch,Male
254,Marthena,254-730-9815,55910-917,Banī Suwayf,Service,Sukamaju,Egypt,15/09/2023,0,Marthena Wimp,Marthena Kembley,Female
255,Hobart,980-308-6565,41520-052,Gardēz,5th,Karangbadar Kidul,Afghanistan,13/10/2023,83946,Hobart Pogue,Hobart Firebrace,Male
256,Ettore,705-693-4485,49349-926,Shilovo,Chive,Lidköping,Russia,22/06/2023,01775,Ettore Gainseford,Ettore Mulvany,Male
257,Ruperto,123-351-0117,0023-9236,Mapinrea,High Crossing,Xieji,Indonesia,13/05/2023,038,Ruperto Eyrl,Ruperto Paolicchi,Male
258,Rollo,568-761-6219,55910-305,Koshigaya,Haas,Trollhättan,Japan,15/12/2023,14428,Rollo Cohn,Rollo Rene,Male
259,Harcourt,690-749-5314,68180-698,Westport,Dorton,Paris 08,New Zealand,03/11/2023,681,Harcourt Dakhno,Harcourt MacDwyer,Male
260,Lisabeth,632-596-6671,63717-895,Kut Chum,Monterey,Cisoka,Thailand,08/01/2024,956,Lisabeth Reddy,Lisabeth Cary,Female
261,Grace,770-527-8955,65044-3215,Penebel,Annamark,Tantamayo,Indonesia,10/10/2023,4084,Grace Roux,Grace Burchess,Female
262,Astra,837-521-4467,13537-259,Mezhevoy,Vernon,Novotroitsk,Russia,29/04/2023,06228,Astra Boorn,Astra Lathaye,Female
263,Horatia,871-225-2915,52125-879,Trŭn,Sugar,El Regalo,Bulgaria,10/05/2023,4754,Horatia Macoun,Horatia Weed,Female
264,Emile,761-966-3254,0074-9296,Piracicaba,Walton,Ilek,Brazil,30/06/2023,1106,Emile Greenside,Emile Austwick,Male
265,Ethelind,103-778-1775,58892-910,Əhmədbəyli,Sullivan,Jindřichův Hradec,Azerbaijan,26/08/2023,00,Ethelind Lovat,Ethelind Duinbleton,Female
266,Athena,619-973-3152,54569-6543,Yuefeng,Mockingbird,Uruzgān,China,31/07/2023,5513,Athena Jedrasik,Athena Melly,Female
267,Pat,105-932-7781,55289-487,Uspenskoye,Eliot,Recreio,Russia,02/07/2023,3,Pat Smiz,Pat Brounsell,Male
268,Baryram,278-734-3942,0884-6600,Mache,Pankratz,Ljig,Peru,06/10/2023,8,Baryram Wellstood,Baryram Floyed,Male
269,Ekaterina,845-619-5863,49738-255,Solnechnoye,Briar Crest,Jiblah,Russia,29/06/2023,679,Ekaterina Polendine,Ekaterina de Mendoza,Female
270,Layne,262-582-2942,0187-3010,Volzhskiy,Hagan,Belawang,Russia,29/04/2023,13,Layne Burtwell,Layne Costello,Female
271,Andree,485-167-7030,0093-5290,Brudzew,Eagle Crest,Legok,Poland,19/02/2024,0,Andree Ascraft,Andree Esilmon,Female
272,Codi,133-929-9080,23155-124,Cimahi,Buell,Catarman,Indonesia,03/06/2023,477,Codi Goose,Codi Josskowitz,Male
273,Berkeley,750-827-5757,13630-0036,Sepulu,Onsgard,Mizi,Indonesia,22/04/2023,8399,Berkeley Ogers,Berkeley Ashmole,Male
274,Purcell,573-864-5631,11084-700,Holboo,Huxley,Citeureup,Mongolia,28/11/2023,77001,Purcell Cowdrey,Purcell Feldmann,Male
275,Ozzy,895-471-6312,11523-7374,Richmond,Hoard,Malāyer,South Africa,21/12/2023,916,Ozzy Orpyne,Ozzy Scaddon,Male
276,Gallagher,204-986-2197,28595-803,Cibungur,Paget,Daping,Indonesia,09/10/2023,46685,Gallagher Oswald,Gallagher Ogden,Male
277,Kristopher,211-485-9425,52810-801,Jijiang,Graceland,Taourirt,China,31/12/2023,589,Kristopher McGlaughn,Kristopher Raraty,Male
278,Saundra,406-593-0728,0085-1328,Saint-Priest-en-Jarez,Carberry,Ad Dann,France,20/12/2023,00700,Saundra Mattocks,Saundra Broxup,Female
279,Ruben,881-163-1688,52343-025,Al Wuday‘,Boyd,San Isidro,Yemen,30/04/2023,6,Ruben Maevela,Ruben Cayley,Male
280,Jamison,971-826-8215,0113-0829,Takikawa,Grover,La Oroya,Japan,22/12/2023,3,Jamison Avraam,Jamison Bunhill,Male
281,Jacqueline,844-802-8397,68084-381,Rosario de Mora,Coolidge,Perho,El Salvador,24/05/2023,748,Jacqueline Tomaskov,Jacqueline Richter,Female
282,Lee,428-470-2314,37205-827,Shinyanga,Meadow Ridge,As Sūq al Jadīd,Tanzania,28/09/2023,85916,Lee Salvadori,Lee Scintsbury,Male
283,Rurik,464-321-1324,42254-257,Pasirputih,Amoth,Horodyshche,Indonesia,15/01/2024,208,Rurik Conyard,Rurik Kas,Male
284,Merv,984-252-0582,41190-667,Orlovka,Columbus,Santa Cecília,Russia,05/05/2023,449,Merv Paolinelli,Merv Djurisic,Male
285,Merissa,245-893-1730,49614-220,Requião,Nobel,Haoguantun,Portugal,17/01/2024,3178,Merissa Fortnam,Merissa Dowles,Female
286,Alvan,421-779-0547,43353-637,Palkino,Hintze,Wangqingtuo,Russia,11/11/2023,96809,Alvan Timmes,Alvan Woodward,Male
287,Delbert,298-128-1931,49999-699,Xunzhai,Claremont,Maní,China,15/12/2023,254,Delbert Gibb,Delbert Haney`,Male
288,Laney,997-401-3156,49349-653,Padaan,Northland,Gazanjyk,Indonesia,16/12/2023,67796,Laney Bethel,Laney Gazey,Female
289,Dori,320-386-8118,36987-2701,Kuala Lumpur,Pierstorff,Sagua la Grande,Malaysia,17/12/2023,33,Dori Chessill,Dori Whitemarsh,Female
290,Gracia,284-207-4131,53808-0859,Az Zintān,Becker,Ivanishchi,Libya,07/04/2024,64170,Gracia Hadye,Gracia Brittle,Female
291,Rene,526-326-0783,52125-192,Saño,Banding,Al Qarārah,Peru,04/09/2023,900,Rene Ollet,Rene Upcraft,Male
292,Hardy,403-221-6392,35418-111,Passagem,Granby,Montpellier,Portugal,19/01/2024,40,Hardy Hein,Hardy Cullivan,Male
293,Drusi,851-545-3715,48951-8091,Traganón,Magdeline,Maojiagang,Greece,13/07/2023,76224,Drusi Calcut,Drusi Alentyev,Female
294,Kaja,256-205-9497,53152-1008,Cungking,Forster,Gangou,Indonesia,28/06/2023,1,Kaja Lamplough,Kaja Endrighi,Female
295,Jeth,382-793-5322,0527-1461,Lenchwe Le Tau,Doe Crossing,Raychikhinsk,Botswana,01/07/2023,25475,Jeth Puddle,Jeth Littlejohn,Male
296,Nikolos,159-252-0315,13537-117,Talangbetutu,Dennis,Marmande,Indonesia,29/08/2023,977,Nikolos Dickins,Nikolos Minghella,Male
297,Colan,838-933-6005,61971-065,Barra de Carrasco,Walton,Bautista,Uruguay,13/07/2023,703,Colan Temperton,Colan Godspeede,Male
298,Felisha,377-359-6916,53808-0587,Croix,Kingsford,Joliet,France,12/04/2024,48720,Felisha Ivashnikov,Felisha Le Strange,Female
299,Vivia,330-858-5300,0378-8106,Trà My,Carey,Chaumont,Vietnam,11/06/2023,34627,Vivia Turpey,Vivia Burgoin,Female
300,Lizzie,202-419-6103,0998-0408,Mauloo,Schurz,Sokyryany,Indonesia,15/12/2023,056,Lizzie Pain,Lizzie Sykes,Female
301,Rosamund,757-233-6993,61601-1140,Norfolk,Sachtjen,Froly,United States,29/04/2023,8285,Rosamund Knibbs,Rosamund Feldstein,Female
302,Cristobal,319-361-7245,55312-459,Aragarças,Melrose,Tombu,Brazil,03/06/2023,6,Cristobal Pendrick,Cristobal Wilcott,Male
303,Chrisse,734-440-7257,55741-224,Socota,Thierer,Kuangyuan,Peru,16/10/2023,43,Chrisse Hasel,Chrisse Hauck,Male
304,Wynny,958-560-6367,0363-0292,Baryshivka,Carpenter,Sidaharja,Ukraine,06/09/2023,95,Wynny Tunnick,Wynny Braley,Female
305,Ara,351-798-3393,29991-505,Lebane,Paget,Leran Kulon,Serbia,06/01/2024,9082,Ara Royan,Ara Castanaga,Female
306,Bank,996-888-3799,33992-0107,Tsukuba,Straubel,Sangtian,Japan,05/06/2023,76844,Bank Abells,Bank Fearneley,Male
307,Phedra,938-508-3085,53808-0989,Lewo,Forest Dale,Nguékhokh,Indonesia,08/03/2024,90,Phedra Marr,Phedra Goodredge,Female
308,Drusi,837-542-8044,36987-1372,Adelaide Mail Centre,Sullivan,Kalilu,Australia,12/02/2024,397,Drusi Venner,Drusi Grzelak,Female
309,Damon,296-611-5393,49288-0683,Būlaevo,Everett,Kangar,Kazakhstan,11/08/2023,33,Damon Casson,Damon Antonias,Male
310,Ashely,483-152-0714,33261-367,Jiangtian,Evergreen,Xintian,China,03/04/2024,2273,Ashely Hayes,Ashely Spiers,Female
311,Ernesto,795-502-6120,59746-246,Banff,Maple Wood,Kōchi-shi,Canada,31/05/2023,9785,Ernesto Lovett,Ernesto Bemment,Male
312,Xaviera,527-998-8785,21695-237,Kibuku,Vahlen,Ivanec,Uganda,18/02/2024,18877,Xaviera Toffoloni,Xaviera Scoffins,Female
313,Renae,239-737-9162,51346-218,Guanqiao,Ronald Regan,Pukou,China,02/04/2024,18212,Renae McGragh,Renae Ransom,Female
314,Theressa,521-627-2623,61715-088,Pinheiral,Katie,Cevicos,Brazil,07/09/2023,183,Theressa Kamiyama,Theressa O'Hoey,Female
315,Cosmo,863-776-7337,55154-9386,Gumaus,Canary,Pidsandawan,Philippines,14/03/2024,19117,Cosmo Kidstone,Cosmo Tooher,Male
316,Bryanty,268-589-1666,64778-0217,Yanweigang,Sundown,Ōi,China,13/03/2024,15148,Bryanty Walewski,Bryanty Penrith,Male
317,Yankee,883-367-0613,0603-4021,Svoboda nad Úpou,Miller,Áyios Yeóryios,Czech Republic,13/10/2023,1,Yankee O'Bruen,Yankee Ferminger,Male
318,Darla,931-169-1287,57520-0516,Châteauroux,Bluejay,Gémeos,France,31/07/2023,554,Darla Dutnall,Darla Frizzell,Female
319,Sisely,455-719-1611,36987-2415,Makurazaki,Sommers,Ferrol,Japan,16/06/2023,91,Sisely Bridger,Sisely Fairman,Female
320,Barnie,637-449-7735,17089-251,Khuzhir,Warbler,Palermo,Russia,16/09/2023,354,Barnie Harteley,Barnie Eades,Male
321,Leigha,672-748-0847,64942-1136,Qiewa,Grasskamp,Dagou,China,27/10/2023,8,Leigha Sorton,Leigha Donegan,Female
322,Saraann,748-587-2105,51672-1259,Kobylanka,Towne,Lenningen,Poland,28/12/2023,12305,Saraann Clemmens,Saraann Duckwith,Female
323,Kaylee,250-622-3244,59779-261,El Almendro,Little Fleur,Senangkhanikhom,Nicaragua,25/03/2024,759,Kaylee Forri,Kaylee Licciardi,Female
324,Babs,232-592-9883,55312-926,Toamasina,Parkside,Tawangsari,Madagascar,09/06/2023,4589,Babs Tabbitt,Babs Fenn,Female
325,Estevan,292-255-4466,16252-534,Ringim,Bunting,Shahkot,Nigeria,19/05/2023,221,Estevan Ferber,Estevan Bradwell,Male
326,Wendel,209-571-0652,43063-193,Casal do Sapo,Sunnyside,Forbach,Portugal,09/01/2024,332,Wendel Lathee,Wendel Doorey,Male
327,Lenna,296-816-0004,36987-2999,Pskov,Lake View,Umabay,Russia,01/06/2023,974,Lenna Drysdall,Lenna Hickin,Female
328,Kala,837-542-3622,55154-0626,Kozyatyn,Ryan,Ciherang,Ukraine,03/08/2023,972,Kala Thackray,Kala Titherington,Female
329,Christen,631-863-2703,58155-131,Al Fashn,Reindahl,Puerto Colombia,Egypt,12/11/2023,02109,Christen Odney,Christen Cerro,Female
330,Godart,125-328-0898,59779-154,Lenger,Dahle,Olenegorsk,Kazakhstan,11/01/2024,3154,Godart Kinnier,Godart Lucas,Male
331,Hakeem,102-559-5274,47469-120,Boavista,Maywood,Jiangkou,Portugal,12/07/2023,50789,Hakeem Vittori,Hakeem Brockest,Male
332,Kelly,508-258-3415,51079-922,Jingmao,Ryan,Anzihao,China,26/05/2023,231,Kelly Elmer,Kelly Dranfield,Male
333,Rex,745-360-6282,24385-407,Mweka,Derek,Garissa,Democratic Republic of the Congo,07/05/2023,93,Rex Figge,Rex Huckstepp,Male
334,Gisele,114-443-0898,50563-132,Huddinge,Westport,Rogóźno,Sweden,03/08/2023,483,Gisele Gonzales,Gisele Coffin,Female
335,Hyacinth,233-748-8694,11410-955,Somorpenang,Mockingbird,Mataigou,Indonesia,04/08/2023,2797,Hyacinth MacCarrane,Hyacinth MacCurtain,Female
336,Camel,694-995-6344,54738-963,Longbu,Sachtjen,Gangou,China,24/01/2024,492,Camel Humby,Camel Schapiro,Female
337,Denni,965-563-1059,59779-373,Carazinho,Bartillon,Nong Muang Khai,Brazil,05/04/2024,6341,Denni Sandwich,Denni Judkin,Female
338,Moises,293-919-7625,68196-299,Casais,Bashford,Dainan,Portugal,04/12/2023,24,Moises Bourdis,Moises McConigal,Male
339,Jesse,694-242-7441,36987-2682,Hongwei,Carioca,Albuquerque,China,05/08/2023,32345,Jesse Rubinovitch,Jesse Gerriet,Male
340,Ines,200-757-2320,49911-884,Margotuhu Kidul,Victoria,Bang Phlat,Indonesia,30/07/2023,70,Ines Gilders,Ines Serjeantson,Female
341,Esme,566-844-8426,67544-511,Yaogou,Duke,Iwatsuki,China,13/06/2023,069,Esme Coch,Esme Regelous,Male
342,Dinnie,394-353-3953,49349-697,Övertorneå,Corscot,Rennebu,Sweden,06/03/2024,09154,Dinnie Vecard,Dinnie Milmore,Female
343,Rodie,106-316-5058,43063-377,Saposoa,Harper,Mandalasari,Peru,04/01/2024,22580,Rodie Bonifant,Rodie Kingdon,Female
344,Doy,746-865-0006,54340-180,Lethem,Killdeer,Tantu,Guyana,29/05/2023,6768,Doy Crippin,Doy Struijs,Male
345,Amye,697-172-8936,59746-030,Dagda,Amoth,Shiling,Latvia,15/10/2023,9137,Amye Fishly,Amye McIntosh,Female
346,Shani,790-499-7377,48951-4017,Kipit,Fairfield,Kelowna,Philippines,18/02/2024,569,Shani Mc Elory,Shani Azema,Female
347,Tessie,150-619-5413,54569-0181,Lyon,Darwin,Prażmów,France,09/04/2024,0009,Tessie Chadwyck,Tessie Smiths,Female
348,Jobina,568-169-6642,36987-3093,Yeyik,Hudson,Haykashen,China,21/03/2024,7256,Jobina Roache,Jobina Whittlesea,Female
349,Stormie,550-768-3722,76354-016,Lýkeio,Shoshone,Delodpeken,Greece,13/12/2023,1600,Stormie Sorrill,Stormie Dericut,Female
350,Ingeborg,340-423-2047,0362-9011,Yokotemachi,Morningstar,Dongmazar,Japan,05/11/2023,641,Ingeborg Ovenell,Ingeborg Neubigin,Female
351,Tull,936-923-7070,36800-461,Xanxerê,Maywood,Visby,Brazil,18/09/2023,8,Tull Pratt,Tull Bartalot,Male
352,Sanford,697-222-0549,36987-2467,Siguinon,Crowley,Chengyang,Philippines,06/05/2023,83,Sanford Gooderridge,Sanford Matushenko,Male
353,Chauncey,397-143-9749,37205-516,Valuyki,Norway Maple,Johanneshov,Russia,19/09/2023,802,Chauncey Wyd,Chauncey Eads,Male
354,Ania,837-105-2096,76074-122,Al Ḩarāk,Saint Paul,Jindong,Syria,05/09/2023,22,Ania Sebley,Ania Willbond,Female
355,Tatiana,631-344-4899,29500-9804,Tauca,Dayton,Oetua,Peru,27/12/2023,32186,Tatiana Tilbey,Tatiana Wolstencroft,Female
356,Yvette,467-421-8685,55621-004,Dvin,Mesta,Honglu,Armenia,30/03/2024,174,Yvette Bouldstridge,Yvette Goward,Female
357,Cammy,643-278-3389,41250-035,Diavatós,Fuller,Cabimas,Greece,10/02/2024,67967,Cammy Speirs,Cammy Glison,Male
358,Wren,566-257-4296,62106-004,Genova,Loomis,Shanghu,Italy,25/05/2023,4,Wren Paszek,Wren Stoller,Female
359,Petrina,130-373-6641,66302-110,San Andrés Xecul,Little Fleur,Áyios Yeóryios,Guatemala,07/05/2023,0265,Petrina Doidge,Petrina Simounet,Female
360,Sheppard,527-619-3808,11673-521,Barbacena,Marquette,Meru,Brazil,20/08/2023,6261,Sheppard Bottrell,Sheppard Nuttey,Male
361,Guenna,664-947-3810,49884-055,Macia,Hovde,Vilar,Mozambique,15/02/2024,1,Guenna Spratling,Guenna Marrian,Female
362,Demetri,994-774-9461,66220-729,Gbarnga,Vermont,Dagohoy,Liberia,13/02/2024,0151,Demetri Sanderson,Demetri Obin,Male
363,Wren,526-407-8180,0069-2587,Tsaghveri,Holy Cross,Probolinggo,Georgia,05/01/2024,8,Wren Pozer,Wren Gamlyn,Female
364,Cece,894-257-8669,54622-699,Plottier,Sunnyside,Nsanje,Argentina,04/03/2024,62706,Cece Tonkin,Cece Scarisbrick,Male
365,Orelie,879-892-4890,58118-5017,‘Uqayribāt,Prairie Rose,Itapevi,Syria,24/05/2023,1,Orelie Diemer,Orelie Rossin,Female
366,Stefania,482-309-6310,51386-100,Cotuí,Golf,Wiphawadi,Dominican Republic,04/03/2024,02089,Stefania Sanz,Stefania Daddow,Female
367,Janos,699-599-9082,43269-899,Kostakioí,Haas,Khalkhāl,Greece,26/08/2023,15207,Janos Whines,Janos Billings,Male
368,Aili,868-143-3870,55316-516,Kista,Messerschmidt,Rogachëvo,Sweden,01/01/2024,89,Aili Crossthwaite,Aili Faro,Female
369,Dorey,180-282-7815,50076-200,Venezia,Cody,Skärholmen,Italy,14/10/2023,11814,Dorey Wilcock,Dorey Buessen,Female
370,Kilian,291-493-0804,14783-311,Shumerlya,Transport,Iqaluit,Russia,04/01/2024,7077,Kilian Urlich,Kilian Avrasin,Male
371,Carlos,949-821-6544,65841-722,Lianjiangkou,Debs,Villiers,China,19/07/2023,69951,Carlos Perigeaux,Carlos Bicker,Male
372,Lanie,889-218-3462,57520-0237,Poctol,Canary,Wangshi,Philippines,23/12/2023,4,Lanie Fouldes,Lanie Nono,Male
373,Edith,330-961-6708,63629-2579,Pinara,Corben,Krasnyy Oktyabr’,Indonesia,03/12/2023,5,Edith Scouller,Edith Kretschmer,Female
374,Hank,136-311-8524,0113-2141,Gaozhou,Eliot,Baratan,China,08/09/2023,2,Hank Wasteney,Hank Blackborow,Male
375,Algernon,690-502-9996,42254-147,Huanggang,Del Sol,Duoxiang,China,21/09/2023,452,Algernon Kleinhandler,Algernon Cuseick,Male
376,Laurence,230-804-8210,47335-046,Leigongjian,Mccormick,Koffiefontein,China,15/11/2023,3017,Laurence Avey,Laurence Golder,Male
377,Mickie,563-547-0784,54868-5574,Myadzyel,Muir,Lebao,Belarus,18/12/2023,36,Mickie Duggon,Mickie Perigoe,Male
378,Dedra,185-426-9342,36987-1190,Vänersborg,Vahlen,Tenggun Dajah,Sweden,24/04/2023,63057,Dedra Ginn,Dedra Jahnisch,Female
379,Dosi,227-611-2445,52125-801,Luntas,Anhalt,Pedra,Indonesia,30/04/2023,93,Dosi Openshaw,Dosi Bownes,Female
380,Kalvin,486-685-1294,16590-644,Asíni,Scofield,Tomar,Greece,09/05/2023,7,Kalvin Langlands,Kalvin Thorold,Male
381,Daffie,110-797-3436,76069-100,Bendilwungu Lor,Fuller,Lixi,Indonesia,01/06/2023,563,Daffie Leggon,Daffie Pettett,Female
382,Danna,584-919-6545,68791-101,Kusi,Scoville,Hidalgo,Indonesia,22/04/2023,77,Danna Clemencet,Danna Hanniger,Female
383,Netty,661-968-2326,50268-349,Tha Luang,Forest,Leeuwarden,Thailand,24/06/2023,68,Netty Simonaitis,Netty Stonall,Female
384,Gaylord,550-389-9046,0078-0450,Thanh Ba,International,Yarmolyntsi,Vietnam,14/05/2023,5,Gaylord Dmytryk,Gaylord Oswick,Male
385,Klarika,573-269-3928,54868-4892,Toamasina,Beilfuss,Masu,Madagascar,29/09/2023,77038,Klarika Walkley,Klarika Dudbridge,Female
386,Broderick,674-915-2324,15127-963,Kashiwazaki,Bartelt,Dijon,Japan,31/05/2023,1,Broderick Smurfit,Broderick Gow,Male
387,Winthrop,290-972-0374,43645-112,Mindyak,Nevada,Santa Marta,Russia,25/09/2023,8,Winthrop McQuorkell,Winthrop Simnor,Male
388,Hillary,635-485-9369,50436-7382,Mtsamdou,Clarendon,Yatsuomachi-higashikumisaka,Comoros,12/04/2024,49469,Hillary Dannehl,Hillary Ranscomb,Male
389,Trudey,492-432-8784,51672-1305,Manika,Pennsylvania,Sovetskoye,Philippines,04/11/2023,2418,Trudey Shaplin,Trudey MacKilroe,Female
390,Anthiathia,748-168-1379,50458-550,Embi,Killdeer,Brändö,Kazakhstan,25/05/2023,2914,Anthiathia Hackwell,Anthiathia Faulconbridge,Female
391,Elsy,464-822-9400,59672-0732,Várzeas,Crest Line,Szydłowo,Portugal,21/01/2024,2,Elsy Cottu,Elsy Gronav,Female
392,Thia,657-314-1159,54868-5792,Jengglungharjo,Dawn,Fundación,Indonesia,22/02/2024,59,Thia Skelhorn,Thia Hugli,Female
393,Nels,125-673-3450,64578-0073,El Cafetal,Bunker Hill,Luoqiao,Venezuela,05/07/2023,2725,Nels Afonso,Nels Grigorushkin,Male
394,Ruprecht,302-694-1082,53748-0001,Lubei,Carberry,Sātkania,China,05/09/2023,467,Ruprecht Fowkes,Ruprecht Carnock,Male
395,Margery,672-835-7473,21695-811,Zhonghe,Marcy,Pacucha,China,09/12/2023,3585,Margery Killoran,Margery Fredson,Female
396,Janeva,113-335-3033,0573-0216,Kupino,Ohio,El Hatillo,Russia,02/05/2023,906,Janeva Pheby,Janeva Erat,Female
397,Dallon,279-289-4404,48951-5075,Lyakhovtsy,Superior,Princeton,Ukraine,16/11/2023,91,Dallon Forrest,Dallon Hawkeridge,Male
398,Gerry,573-478-7088,67046-430,Jefferson City,Huxley,Landim,United States,27/08/2023,50,Gerry Nesbeth,Gerry Cutchey,Male
399,Goober,337-604-4604,50474-700,Starokorsunskaya,Artisan,Monte Francisco,Russia,22/12/2023,4510,Goober Danels,Goober Dorrity,Male
400,Thorpe,958-983-1401,68382-763,Sam Khok,Daystar,Rothesay Bay,Thailand,30/03/2024,193,Thorpe Lambot,Thorpe Gluyas,Male
401,Gillan,486-189-5968,55301-179,Khamis Mushait,Fuller,Macieira de Rates,Saudi Arabia,15/07/2023,99,Gillan Ripley,Gillan Willmer,Female
402,Rickard,554-741-8464,0113-0678,Sergelen,Oak Valley,Zagórów,Mongolia,02/02/2024,8132,Rickard Giacomuzzo,Rickard Liston,Male
403,Pincus,477-112-9668,43063-477,Hongmiao,Ramsey,Pustomyty,China,18/03/2024,6,Pincus Dow,Pincus Breston,Male
404,Martie,465-907-7237,0126-0070,Vincennes,Steensland,Rostokino,France,27/09/2023,0,Martie Thalmann,Martie Allinson,Male
405,Aloysius,187-114-2908,59762-5251,Kaoshan,Surrey,Turija,China,01/12/2023,803,Aloysius Giraths,Aloysius Easbie,Male
406,Hyacintha,701-534-5027,54868-4792,Dipayal,Shopko,Santiago do Cacém,Nepal,27/07/2023,8378,Hyacintha Autrie,Hyacintha Burtonshaw,Female
407,Paule,159-394-2678,55154-5591,Essen,Artisan,Lailunggi,Germany,13/04/2024,7127,Paule Gunton,Paule Mackerel,Female
408,Chanda,528-604-7960,0378-4450,Qalqīlyah,Jay,Klek,Palestinian Territory,25/04/2023,8,Chanda McClean,Chanda Presslee,Female
409,Kit,568-540-2549,11716-1163,Bartniczka,Dakota,Mpumalanga,Poland,10/02/2024,86,Kit O'Farrell,Kit Yarnley,Female
410,Ivar,472-136-6955,66908-532,Purong,Brown,Linjiang,China,12/08/2023,66,Ivar Henricsson,Ivar McPhilemy,Male
411,Moselle,415-500-6136,57520-0137,Longkali,Thierer,Mathambgwane,Indonesia,12/11/2023,077,Moselle Daskiewicz,Moselle Lowndsborough,Female
412,Rory,956-290-6700,61715-011,Szczawno-Zdrój,Oriole,Épernay,Poland,14/09/2023,8,Rory Riddock,Rory Windmill,Male
413,Erek,166-205-4504,42291-709,Oemollo,Dunning,Baota,Indonesia,28/09/2023,387,Erek Mendonca,Erek Cownden,Male
414,Ronni,816-190-0723,0485-0204,Quinta dos Frades,Loeprich,Stony Hill,Portugal,15/08/2023,001,Ronni Frill,Ronni Radcliffe,Female
415,Gibby,227-529-5256,57237-082,Arganil,Almo,Proboštov,Portugal,29/11/2023,090,Gibby Runnicles,Gibby Sisley,Male
416,Tamarra,609-613-2787,59779-334,Saint John,Old Gate,Maronge,Malta,13/12/2023,975,Tamarra Dozdill,Tamarra Tremayne,Female
417,Ode,540-797-3765,0591-3369,Biyong,Summerview,Mocun,China,06/02/2024,23,Ode Tulloch,Ode Truse,Male
418,Abbie,231-306-3876,42364-0013,Banhā,Toban,Zlaté Hory,Egypt,02/02/2024,4040,Abbie Round,Abbie Pace,Male
419,Ethelyn,180-581-7683,55154-9441,Komorów,Meadow Ridge,Tongjiang,Poland,25/05/2023,841,Ethelyn Mathelon,Ethelyn Surphliss,Female
420,Arnuad,322-433-5246,0093-7181,El Soberbio,Arkansas,Banjar Sembunggede,Argentina,01/07/2023,87,Arnuad Duferie,Arnuad Averill,Male
421,Jae,779-828-5489,59535-4311,Sopla,Scott,København,Indonesia,10/01/2024,8865,Jae Kincla,Jae Sarch,Male
422,Viki,684-721-7663,52695-001,Räpina,Clarendon,Kāmyārān,Estonia,06/10/2023,7294,Viki Crookshank,Viki Wathen,Female
423,Jay,425-655-4806,68151-2113,El Limon,Almo,Sakura,Mexico,10/07/2023,046,Jay Netherwood,Jay Billison,Male
424,Norina,813-527-7063,55289-039,Blangkejeren,Carpenter,Manglid,Indonesia,22/09/2023,6033,Norina Keilloh,Norina Longden,Female
425,Kalinda,467-845-9546,49035-313,Jaroměř,Moulton,Montpellier,Czech Republic,28/06/2023,86,Kalinda Brade,Kalinda Bufton,Female
426,Pam,413-976-7511,45146-110,San Francisco,Carpenter,Marseille,Philippines,03/12/2023,66708,Pam Plail,Pam Valti,Female
427,Saba,228-500-9357,21695-087,Zhaike,Mitchell,Hepang,China,13/01/2024,1,Saba Reedman,Saba Duffield,Female
428,Myrwyn,601-161-7113,68428-132,Hadyach,Oriole,Hoktember,Ukraine,26/05/2023,7,Myrwyn Dibb,Myrwyn Storey,Male
429,Pete,655-578-3429,75936-112,União da Vitória,Fairview,Qinjia,Brazil,09/03/2024,863,Pete Micheau,Pete Clineck,Male
430,Luci,632-297-2057,66336-620,Phimai,Nobel,Jialu,Thailand,04/08/2023,7511,Luci Formilli,Luci Noke,Female
431,Alix,629-195-1522,63354-352,Boljoon,Aberg,Bar,Philippines,28/02/2024,8,Alix Deegin,Alix Arrell,Male
432,Viola,212-400-5168,0185-0222,Jamaica,Lyons,Ridder,United States,16/04/2024,45,Viola Bend,Viola Chiswell,Female
433,Marena,616-888-4457,51655-091,Daguo,Karstens,Martin,China,17/04/2024,6984,Marena Reynalds,Marena Mathison,Female
434,Millicent,583-732-4381,10191-1093,Phuthaditjhaba,Fordem,Qinhe,South Africa,10/07/2023,3955,Millicent Cadle,Millicent Gable,Female
435,Gabe,166-249-5519,0615-7605,Chiguirip,Glendale,Sumberagung,Peru,17/08/2023,484,Gabe Caslett,Gabe Wimpenny,Male
436,Yovonnda,620-315-6268,59078-038,Klole,Shasta,Göteborg,Indonesia,28/12/2023,36854,Yovonnda Dorow,Yovonnda Stapleford,Female
437,Jimmy,563-354-4940,13811-627,Sanguansi,Garrison,Palaiochóri,China,06/02/2024,7,Jimmy Gorghetto,Jimmy Leades,Male
438,Paddie,854-907-6078,58690-1001,Tanglag,Northview,San Fernando,China,25/01/2024,7725,Paddie Feavyour,Paddie Minet,Male
439,Opal,751-959-0421,55648-744,Bruzual,Dapin,Dimbokro,Venezuela,29/08/2023,26726,Opal Arendt,Opal Goodburn,Female
440,Rorke,916-967-4867,51079-347,Boa Viagem,Truax,Oesapa,Brazil,05/08/2023,48,Rorke Roote,Rorke Parrott,Male
441,Goldina,825-693-5564,68788-9962,Furmanov,Roxbury,كاف الجاع,Russia,25/09/2023,81119,Goldina Whiteoak,Goldina Witchalls,Female
442,Georas,213-557-5662,24236-231,Tiaodeng,Shoshone,Yelizavetinskaya,China,24/05/2023,6,Georas Bainbridge,Georas Siggin,Male
443,Nance,440-748-7338,47682-488,Longhuashan,Del Mar,Stockholm,China,14/07/2023,03862,Nance Costy,Nance Patrickson,Female
444,Elnar,630-363-9327,65663-024,Bassar,Mariners Cove,Gansa,Togo,24/03/2024,90498,Elnar MacGinlay,Elnar Coull,Male
445,Laverna,605-400-6080,68405-188,Pršovce,Manitowish,Rueil-Malmaison,Macedonia,20/10/2023,1,Laverna O'Riordan,Laverna Haquin,Female
446,Harwell,765-449-2093,16590-107,Blessington,Bellgrove,Ercheng,Ireland,20/11/2023,71,Harwell Banke,Harwell Langdon,Male
447,Arabelle,571-368-0740,0135-0554,Armanāz,Dayton,Sendangkemulian,Syria,19/08/2023,4253,Arabelle Crowdy,Arabelle Mulroy,Female
448,Arabela,216-333-5911,0268-0717,Kloangrotat,Linden,Paris La Défense,Indonesia,17/01/2024,9,Arabela Rene,Arabela Aberkirdo,Female
449,Chalmers,772-799-8289,24338-300,Agnibilékrou,Monica,Strum,Ivory Coast,27/10/2023,43,Chalmers Sprowles,Chalmers Castan,Male
450,Ambrosi,389-591-6690,51346-086,Kyzylorda,Mosinee,Jönköping,Kazakhstan,04/01/2024,373,Ambrosi Fishe,Ambrosi Bayman,Male
451,Bard,278-349-0671,36987-1241,Useldange,Meadow Valley,Telmin Suma,Luxembourg,13/08/2023,0409,Bard Junkinson,Bard Benkhe,Male
452,Virgil,155-310-1730,68180-123,Lentisqueira,Buhler,Kassiri,Portugal,20/11/2023,0,Virgil Sokale,Virgil Wasiela,Male
453,Monique,681-606-9784,36987-1176,Kyzyl,Ruskin,Olejet,Russia,07/06/2023,50781,Monique Fines,Monique Tolmie,Female
454,Locke,414-221-3730,59779-044,Kingston,Dayton,Seupakat,United Kingdom,15/02/2024,52,Locke Brunger,Locke Jefferson,Male
455,Gianna,881-180-3199,51079-198,Zhaowanzhuang,Stephen,Summerland,China,05/07/2023,71,Gianna MacGrath,Gianna Crass,Female
456,Colman,990-189-0106,51060-056,Cigadog,Acker,Quintã,Indonesia,30/04/2023,2,Colman Krahl,Colman Bedford,Male
457,Sela,968-191-8227,44087-1114,Grujugan,Monterey,Xingcheng,Indonesia,30/07/2023,54043,Sela Negus,Sela Mcettrick,Female
458,Barbi,909-998-5869,0093-4069,Huangtan,Green,Kinalansan,China,07/08/2023,82,Barbi Edmed,Barbi Whyberd,Female
459,Netta,847-285-3829,68400-354,Las Tejerías,Spaight,Một Ngàn,Venezuela,04/01/2024,8,Netta Luto,Netta Kensy,Female
460,Perceval,730-910-3172,11410-018,Guishan,Schmedeman,Hekou,China,06/12/2023,430,Perceval Jovicic,Perceval Harbour,Male
461,Shayne,663-397-8380,63824-900,Kiambu,Carey,Suozhen,Kenya,05/10/2023,641,Shayne Wardingley,Shayne Krabbe,Female
462,Isak,485-184-0392,59779-977,San Nicolás de los Arroyos,Hayes,Gakem,Argentina,15/03/2024,73597,Isak Scholl,Isak Trewinnard,Male
463,Salomone,246-304-1025,10096-0258,Lameira,Sugar,Pongol,Portugal,04/08/2023,5,Salomone Haney,Salomone Chippindall,Male
464,Hedy,711-216-4129,49348-061,Goodlands,Tomscot,Beroroha,Mauritius,20/09/2023,5341,Hedy Penketh,Hedy Mustin,Female
465,Winne,459-751-9022,58232-4035,Carmelo,Atwood,João Câmara,Philippines,13/09/2023,2,Winne Wintersgill,Winne Jenks,Female
466,Gary,533-442-6882,49967-050,Oetua,Meadow Valley,Mataraben,Indonesia,04/06/2023,0958,Gary Juppe,Gary Bullivent,Male
467,Row,331-224-5367,68084-287,Telukpakedai,Oak Valley,Nkpor,Indonesia,10/11/2023,9640,Row Smedmoor,Row Giovannacci,Female
468,Leslie,385-439-0942,61786-053,Gradići,Elmside,Wageningen,Croatia,03/06/2023,0,Leslie Praundl,Leslie Flintoff,Male
469,Cindelyn,341-155-1273,0143-9981,‘Aşīrah al Qiblīyah,Graceland,Paitan,Palestinian Territory,19/07/2023,76861,Cindelyn Pinckney,Cindelyn O'Keefe,Female
470,Craggie,944-949-4296,75878-004,Banjar Pasekan,Towne,Todorovo,Indonesia,02/02/2024,08052,Craggie Otham,Craggie Vsanelli,Male
471,Celestine,723-188-4935,43269-761,Pewel Wielka,Kim,Pirassununga,Poland,25/12/2023,59,Celestine Stamps,Celestine Condit,Female
472,Andonis,480-632-7257,45802-338,Bukavu,Thompson,Achadinha,Democratic Republic of the Congo,06/07/2023,27379,Andonis Soreau,Andonis McLugish,Male
473,Madelena,291-809-1983,16590-845,Zvëzdnyy,Hovde,Zhirnovsk,Russia,05/10/2023,12,Madelena Bosse,Madelena Shergill,Female
474,Bernie,616-551-8393,30142-640,Kérkyra,Corscot,Sremska Mitrovica,Greece,20/07/2023,11723,Bernie Blakeway,Bernie Rising,Male
475,Krystal,644-973-9613,46987-377,Chantilly,Pennsylvania,Żernica,France,14/02/2024,55717,Krystal Pickervance,Krystal Ceaplen,Female
476,Jordan,972-550-4540,43269-663,Al Quţayfah,Northport,Oyabe,Syria,04/06/2023,17,Jordan Roft,Jordan Ghidelli,Male
477,Susana,608-913-0709,61601-1123,Begowāla,Petterle,Oroquieta,Pakistan,30/04/2023,001,Susana Torrance,Susana Ubsdale,Female
478,Julienne,551-222-9138,68016-449,Shijing,Troy,Zamora,China,03/03/2024,904,Julienne Claworth,Julienne Plows,Female
479,Gun,977-518-0015,0363-0504,Căuşeni,Glacier Hill,Cacoal,Moldova,30/12/2023,8877,Gun Hitzschke,Gun Kuhnel,Male
480,Renato,421-978-6951,69017-201,Balīlā,Monterey,Buraen,Jordan,20/04/2024,4689,Renato Stedson,Renato Carlile,Male
481,Dari,847-510-3971,49999-050,Killarney,Jay,Bīrganj,Canada,12/07/2023,29,Dari Livingstone,Dari Tincey,Female
482,Cherin,692-964-4825,54868-1060,Sidowayah Lor,Dahle,Storvreta,Indonesia,29/07/2023,03,Cherin Stride,Cherin Eckersley,Female
483,Wallie,942-819-0231,16714-633,Progreso,Moland,Ouricuri,Peru,28/07/2023,944,Wallie Paulino,Wallie Leatherbarrow,Female
484,Marita,883-373-0230,55154-5585,Kuala Lumpur,Sheridan,Vazhiny,Malaysia,24/09/2023,13069,Marita Brugden,Marita Bradforth,Female
485,Paulo,512-724-6791,36987-1028,Austin,Bluejay,Panguna,United States,03/01/2024,5,Paulo Robatham,Paulo Rasher,Male
486,Kerr,196-504-7857,37000-077,Heshi,Briar Crest,Tabunok,China,08/11/2023,9,Kerr Sheppard,Kerr Lorimer,Male
487,Erroll,349-773-2078,68026-533,Kučevo,Boyd,Murganhal,Serbia,09/11/2023,52717,Erroll Axon,Erroll Hardage,Male
488,Ottilie,846-680-7595,49726-015,Linamon,Barby,Xihongmen,Philippines,19/01/2024,5,Ottilie L' Anglois,Ottilie Kilian,Female
489,Brion,796-652-7471,54410-001,Estancia,Holmberg,Charleville-Mézières,Philippines,26/03/2024,7485,Brion Castree,Brion Parram,Male
490,Mart,918-778-3967,21695-623,Dū Qal‘ah,Kenwood,Shuanggang,Afghanistan,25/10/2023,76950,Mart Reeders,Mart Kirsopp,Male
491,Delaney,331-523-6547,60505-0833,Fanhu,2nd,Rennes,China,31/01/2024,55530,Delaney Wint,Delaney Mundow,Male
492,Brooks,423-462-3611,49967-358,Palana,Mcbride,Malé Svatoňovice,Russia,10/01/2024,588,Brooks Filipiak,Brooks Esplin,Female
493,Virginie,999-895-1806,17478-221,Mzuzu,Lotheville,Xinshi,Malawi,12/05/2023,05,Virginie Dottrell,Virginie Hainey`,Female
494,Cherilynn,260-898-3114,43857-0229,Pocohuanca,Almo,Baku,Peru,25/01/2024,7745,Cherilynn Stroban,Cherilynn Durtnell,Female
495,Valaree,179-683-5078,68745-2007,Hanyuan,Autumn Leaf,Catayauan,China,31/05/2023,6,Valaree Sawforde,Valaree Siegertsz,Female
496,Jethro,973-277-2813,0703-4805,Lavezares,Schiller,Koesan,Philippines,07/01/2024,4067,Jethro Casone,Jethro Fawdrie,Male
497,Nevins,850-256-6476,21695-106,Daze,Hollow Ridge,Bator,China,16/08/2023,87582,Nevins Disdel,Nevins Speirs,Male
498,Todd,515-152-1924,60429-301,Göteborg,Buell,Jingyu,Sweden,13/04/2024,3079,Todd Butchers,Todd Dempsey,Male
499,Karrah,984-675-6990,0409-1253,Łętownia,Waxwing,Newport News,Poland,02/02/2024,0361,Karrah Roadknight,Karrah Tawn,Female
500,Wallace,861-860-3741,54799-503,Killumney,Harper,Figueira dos Cavaleiros,Ireland,10/07/2023,2235,Wallace Gumly,Wallace Duly,Male
